Episode,Total Rewards,Experience,Priority,Convergence Speed,Exploration Rate,Decay Rate
1,96.0,96,1.5707162879345171,95,0.011000000000000003,1.0
2,112.0,112,2.4406995544785453,15,0.011000000000000003,0.5
3,131.0,131,3.373675194781941,18,0.011000000000000003,0.3333333333333333
4,160.0,160,4.450492837727545,28,0.011000000000000003,0.25
5,178.0,178,5.217182525562108,17,0.011000000000000003,0.2
6,211.0,211,6.078077736130651,32,0.011000000000000003,0.16666666666666666
7,223.0,223,7.609476813498469,11,0.011000000000000003,0.14285714285714285
8,240.0,240,8.161166098041644,16,0.011000000000000003,0.125
9,257.0,257,9.13117863545643,16,0.011000000000000003,0.1111111111111111
10,318.0,318,9.928969936847567,60,0.011000000000000003,0.1
11,348.0,348,10.519536640982885,29,0.011000000000000003,0.09090909090909091
12,369.0,369,11.796225175937396,20,0.011000000000000003,0.08333333333333333
13,387.0,387,12.531166316582658,17,0.011000000000000003,0.07692307692307693
14,408.0,408,13.986460760068077,20,0.011000000000000003,0.07142857142857142
15,422.0,422,15.316981646295353,13,0.011000000000000003,0.06666666666666667
16,450.0,450,16.86615502490908,27,0.011000000000000003,0.0625
17,464.0,464,18.529390045214168,13,0.011000000000000003,0.058823529411764705
18,499.0,499,20.270436547549576,34,0.011000000000000003,0.05555555555555555
19,546.0,546,21.03516216071907,46,0.011000000000000003,0.05263157894736842
20,563.0,563,22.34186019541025,16,0.011000000000000003,0.05
21,580.0,580,22.97345228696017,16,0.011000000000000003,0.047619047619047616
22,604.0,604,24.382920463048162,23,0.011000000000000003,0.045454545454545456
23,633.0,633,25.058451653555352,28,0.011000000000000003,0.043478260869565216
24,665.0,665,25.273978964052606,31,0.011000000000000003,0.041666666666666664
25,689.0,689,25.486296944457,23,0.011000000000000003,0.04
26,700.0,700,26.574761651008696,10,0.011000000000000003,0.038461538461538464
27,720.0,720,27.456282479818203,19,0.011000000000000003,0.037037037037037035
28,738.0,738,28.295681085674005,17,0.011000000000000003,0.03571428571428571
29,758.0,758,29.35942693162764,19,0.011000000000000003,0.034482758620689655
30,773.0,773,30.239273977278796,14,0.011000000000000003,0.03333333333333333
31,787.0,787,31.390187386556818,13,0.011000000000000003,0.03225806451612903
32,802.0,802,32.743015821061476,14,0.011000000000000003,0.03125
33,820.0,820,34.02174992074148,17,0.011000000000000003,0.030303030303030304
34,835.0,835,34.87951270522523,14,0.011000000000000003,0.029411764705882353
35,858.0,858,35.15562249534993,22,0.011000000000000003,0.02857142857142857
36,887.0,887,36.11082220857425,28,0.011000000000000003,0.027777777777777776
37,896.0,896,37.53965558025917,8,0.011000000000000003,0.02702702702702703
38,906.0,906,37.652826554163774,9,0.011000000000000003,0.02631578947368421
39,949.0,949,38.47486380941453,42,0.011000000000000003,0.02564102564102564
40,972.0,972,39.125577940666744,22,0.011000000000000003,0.025
41,987.0,987,40.7047124290171,14,0.011000000000000003,0.024390243902439025
42,1008.0,1008,42.07022403951762,20,0.011000000000000003,0.023809523809523808
43,1040.0,1040,43.667152057066914,31,0.011000000000000003,0.023255813953488372
44,1052.0,1052,44.9590790290959,11,0.011000000000000003,0.022727272727272728
45,1080.0,1080,46.592066141143555,27,0.011000000000000003,0.022222222222222223
46,1132.0,1132,47.052611824037584,51,0.011000000000000003,0.021739130434782608
47,1154.0,1154,47.995192048500286,21,0.011000000000000003,0.02127659574468085
48,1166.0,1166,49.24147215832436,11,0.011000000000000003,0.020833333333333332
49,1178.0,1178,50.61946489115722,11,0.011000000000000003,0.02040816326530612
50,1192.0,1192,51.22019043203006,13,0.011000000000000003,0.02
51,1201.0,1201,51.94955252008542,8,0.011000000000000003,0.0196078431372549
52,1233.0,1233,53.19754037869542,31,0.011000000000000003,0.019230769230769232
53,1243.0,1243,53.546704509981,9,0.011000000000000003,0.018867924528301886
54,1258.0,1258,53.77158511581184,14,0.011000000000000003,0.018518518518518517
55,1273.0,1273,55.55843659841427,14,0.011000000000000003,0.01818181818181818
56,1297.0,1297,56.621259321912696,23,0.011000000000000003,0.017857142857142856
57,1317.0,1317,57.39651600148747,19,0.011000000000000003,0.017543859649122806
58,1329.0,1329,58.361264189963066,11,0.011000000000000003,0.017241379310344827
59,1362.0,1362,59.31893043965689,32,0.011000000000000003,0.01694915254237288
60,1375.0,1375,60.748538579522915,12,0.011000000000000003,0.016666666666666666
61,1385.0,1385,61.70875558174931,9,0.011000000000000003,0.01639344262295082
62,1407.0,1407,62.55719240534106,21,0.011000000000000003,0.016129032258064516
63,1424.0,1424,63.09616217652363,16,0.011000000000000003,0.015873015873015872
64,1436.0,1436,64.02482012981201,11,0.011000000000000003,0.015625
65,1459.0,1459,65.083818409698,22,0.011000000000000003,0.015384615384615385
66,1499.0,1499,65.93505871557228,39,0.011000000000000003,0.015151515151515152
67,1508.0,1508,66.99175447825417,8,0.011000000000000003,0.014925373134328358
68,1530.0,1530,68.14190779625652,21,0.011000000000000003,0.014705882352941176
69,1560.0,1560,68.38204580118413,29,0.011000000000000003,0.014492753623188406
70,1591.0,1591,69.13070572708284,30,0.011000000000000003,0.014285714285714285
71,1626.0,1626,70.11880819656935,34,0.011000000000000003,0.014084507042253521
72,1638.0,1638,70.64592215162233,11,0.011000000000000003,0.013888888888888888
73,1663.0,1663,71.27913113000044,24,0.011000000000000003,0.0136986301369863
74,1707.0,1707,71.70643335647227,43,0.011000000000000003,0.013513513513513514
75,1718.0,1718,72.6873563045185,10,0.011000000000000003,0.013333333333333334
76,1730.0,1730,73.74119961125797,11,0.011000000000000003,0.013157894736842105
77,1753.0,1753,74.91977748042844,22,0.011000000000000003,0.012987012987012988
78,1769.0,1769,75.17437071037827,15,0.011000000000000003,0.01282051282051282
79,1780.0,1780,75.61801090772126,10,0.011000000000000003,0.012658227848101266
80,1793.0,1793,77.26568064520167,12,0.011000000000000003,0.0125
81,1805.0,1805,77.78864670082127,11,0.011000000000000003,0.012345679012345678
82,1817.0,1817,78.64195270574514,11,0.011000000000000003,0.012195121951219513
83,1835.0,1835,79.87699630519546,17,0.011000000000000003,0.012048192771084338
84,1853.0,1853,81.67432799412197,17,0.011000000000000003,0.011904761904761904
85,1880.0,1880,81.93934951088761,26,0.011000000000000003,0.011764705882352941
86,1891.0,1891,82.83992600272181,10,0.011000000000000003,0.011627906976744186
87,1921.0,1921,83.79664888010076,29,0.011000000000000003,0.011494252873563218
88,1949.0,1949,84.00025863580146,27,0.011000000000000003,0.011363636363636364
89,1968.0,1968,84.8409044296532,18,0.011000000000000003,0.011235955056179775
90,1988.0,1988,86.59744395809643,19,0.011000000000000003,0.011111111111111112
91,2021.0,2021,87.81155512539716,32,0.011000000000000003,0.01098901098901099
92,2036.0,2036,88.2677475581117,14,0.011000000000000003,0.010869565217391304
93,2067.0,2067,88.7645232248947,30,0.011000000000000003,0.010752688172043012
94,2140.0,2140,89.33779799161626,72,0.011000000000000003,0.010638297872340425
95,2167.0,2167,89.85586880010639,26,0.011000000000000003,0.010526315789473684
96,2192.0,2192,91.09562118684403,24,0.011000000000000003,0.010416666666666666
97,2206.0,2206,92.45699517513808,13,0.011000000000000003,0.010309278350515464
98,2224.0,2224,93.13306000901311,17,0.011000000000000003,0.01020408163265306
99,2240.0,2240,93.85101722524374,15,0.011000000000000003,0.010101010101010102
100,2254.0,2254,95.2476980126102,13,0.011000000000000003,0.01
101,2278.0,2278,96.86509090031757,23,0.011000000000000003,0.009900990099009901
102,2290.0,2290,96.89926310784107,11,0.011000000000000003,0.00980392156862745
103,2306.0,2306,98.38612546924304,15,0.011000000000000003,0.009708737864077669
104,2321.0,2321,99.45964835880123,14,0.011000000000000003,0.009615384615384616
105,2336.0,2336,101.10023571308254,14,0.011000000000000003,0.009523809523809525
106,2351.0,2351,102.22551630929684,14,0.011000000000000003,0.009433962264150943
107,2381.0,2381,103.69416964536289,29,0.011000000000000003,0.009345794392523364
108,2394.0,2394,104.9977892475191,12,0.011000000000000003,0.009259259259259259
109,2424.0,2424,106.47562583912537,29,0.011000000000000003,0.009174311926605505
110,2440.0,2440,107.1869297929543,15,0.011000000000000003,0.00909090909090909
111,2455.0,2455,107.87792215928334,14,0.011000000000000003,0.009009009009009009
112,2465.0,2465,109.08247937778667,9,0.011000000000000003,0.008928571428571428
113,2481.0,2481,109.97242861074837,15,0.011000000000000003,0.008849557522123894
114,2489.0,2489,111.09847749660372,7,0.011000000000000003,0.008771929824561403
115,2509.0,2509,112.05355157042544,19,0.011000000000000003,0.008695652173913044
116,2553.0,2553,113.15003804990761,43,0.011000000000000003,0.008620689655172414
117,2573.0,2573,114.34596282410361,19,0.011000000000000003,0.008547008547008548
118,2608.0,2608,115.7444120069425,34,0.011000000000000003,0.00847457627118644
119,2619.0,2619,117.14089496070557,10,0.011000000000000003,0.008403361344537815
120,2630.0,2630,117.86893541057006,10,0.011000000000000003,0.008333333333333333
121,2664.0,2664,118.3068990329976,33,0.011000000000000003,0.008264462809917356
122,2683.0,2683,118.81536487238886,18,0.011000000000000003,0.00819672131147541
123,2699.0,2699,119.82040155864435,15,0.011000000000000003,0.008130081300813009
124,2718.0,2718,120.39007125107705,18,0.011000000000000003,0.008064516129032258
125,2742.0,2742,121.45783016909267,23,0.011000000000000003,0.008
126,2760.0,2760,122.00661265558023,17,0.011000000000000003,0.007936507936507936
127,2772.0,2772,123.00198198477418,11,0.011000000000000003,0.007874015748031496
128,2792.0,2792,123.93156495663527,19,0.011000000000000003,0.0078125
129,2825.0,2825,124.94046389632064,32,0.011000000000000003,0.007751937984496124
130,2835.0,2835,125.73808430538743,9,0.011000000000000003,0.007692307692307693
131,2848.0,2848,126.59259740948325,12,0.011000000000000003,0.007633587786259542
132,2871.0,2871,127.61783237623824,22,0.011000000000000003,0.007575757575757576
133,2898.0,2898,128.93481916143477,26,0.011000000000000003,0.007518796992481203
134,2914.0,2914,129.7058632165259,15,0.011000000000000003,0.007462686567164179
135,2929.0,2929,130.1781843725858,14,0.011000000000000003,0.007407407407407408
136,2973.0,2973,130.9400518296969,43,0.011000000000000003,0.007352941176470588
137,2983.0,2983,131.8055349557425,9,0.011000000000000003,0.0072992700729927005
138,3000.0,3000,132.84725959524118,16,0.011000000000000003,0.007246376811594203
139,3013.0,3013,132.97561722459645,12,0.011000000000000003,0.007194244604316547
140,3025.0,3025,133.9462071289779,11,0.011000000000000003,0.007142857142857143
141,3064.0,3064,135.27273295242244,38,0.011000000000000003,0.0070921985815602835
142,3078.0,3078,136.7775887442108,13,0.011000000000000003,0.007042253521126761
143,3104.0,3104,137.25063111652918,25,0.011000000000000003,0.006993006993006993
144,3118.0,3118,137.4360365558285,13,0.011000000000000003,0.006944444444444444
145,3151.0,3151,137.79472062704926,32,0.011000000000000003,0.006896551724137931
146,3171.0,3171,139.38209932610823,19,0.011000000000000003,0.00684931506849315
147,3184.0,3184,140.14184748857517,12,0.011000000000000003,0.006802721088435374
148,3194.0,3194,140.49450435498844,9,0.011000000000000003,0.006756756756756757
149,3209.0,3209,141.43311415911458,14,0.011000000000000003,0.006711409395973154
150,3219.0,3219,142.45817844857655,9,0.011000000000000003,0.006666666666666667
151,3233.0,3233,143.27318508417645,13,0.011000000000000003,0.006622516556291391
152,3258.0,3258,144.09351929549814,24,0.011000000000000003,0.006578947368421052
153,3269.0,3269,144.795046751475,10,0.011000000000000003,0.006535947712418301
154,3284.0,3284,145.82943270785935,14,0.011000000000000003,0.006493506493506494
155,3298.0,3298,146.7024399407127,13,0.011000000000000003,0.0064516129032258064
156,3330.0,3330,147.62998196469985,31,0.011000000000000003,0.00641025641025641
157,3347.0,3347,148.54489064643056,16,0.011000000000000003,0.006369426751592357
158,3361.0,3361,149.09790916573382,13,0.011000000000000003,0.006329113924050633
159,3374.0,3374,150.4383699041117,12,0.011000000000000003,0.006289308176100629
160,3388.0,3388,150.75939871150118,13,0.011000000000000003,0.00625
161,3402.0,3402,151.5333535026979,13,0.011000000000000003,0.006211180124223602
162,3448.0,3448,152.0108591245938,45,0.011000000000000003,0.006172839506172839
163,3463.0,3463,152.4143905508194,14,0.011000000000000003,0.006134969325153374
164,3491.0,3491,154.0465188987762,27,0.011000000000000003,0.006097560975609756
165,3520.0,3520,154.76677639591114,28,0.011000000000000003,0.006060606060606061
166,3575.0,3575,155.6192045295101,54,0.011000000000000003,0.006024096385542169
167,3601.0,3601,156.6409913346148,25,0.011000000000000003,0.005988023952095809
168,3620.0,3620,157.2833564522518,18,0.011000000000000003,0.005952380952380952
169,3628.0,3628,158.10685087699542,7,0.011000000000000003,0.005917159763313609
170,3645.0,3645,158.9358499500487,16,0.011000000000000003,0.0058823529411764705
171,3696.0,3696,159.93203636869498,50,0.011000000000000003,0.005847953216374269
172,3709.0,3709,160.55991268982302,12,0.011000000000000003,0.005813953488372093
173,3729.0,3729,162.35352101198157,19,0.011000000000000003,0.005780346820809248
174,3742.0,3742,163.14187335039276,12,0.011000000000000003,0.005747126436781609
175,3767.0,3767,164.29917717086255,24,0.011000000000000003,0.005714285714285714
176,3833.0,3833,164.8780234980333,65,0.011000000000000003,0.005681818181818182
177,3847.0,3847,165.54826477660717,13,0.011000000000000003,0.005649717514124294
178,3860.0,3860,166.45053753342182,12,0.011000000000000003,0.0056179775280898875
179,3872.0,3872,167.1412653400086,11,0.011000000000000003,0.00558659217877095
180,3887.0,3887,168.44522148065923,14,0.011000000000000003,0.005555555555555556
181,3906.0,3906,169.0725799050136,18,0.011000000000000003,0.0055248618784530384
182,3934.0,3934,170.2237536426939,27,0.011000000000000003,0.005494505494505495
183,3948.0,3948,170.76163889660432,13,0.011000000000000003,0.00546448087431694
184,3961.0,3961,170.9920984633521,12,0.011000000000000003,0.005434782608695652
185,3971.0,3971,171.8926540774226,9,0.011000000000000003,0.005405405405405406
186,3988.0,3988,172.40887163300428,16,0.011000000000000003,0.005376344086021506
187,4006.0,4006,173.46335060194957,17,0.011000000000000003,0.0053475935828877
188,4018.0,4018,174.31149359732365,11,0.011000000000000003,0.005319148936170213
189,4036.0,4036,175.64211022918408,17,0.011000000000000003,0.005291005291005291
190,4057.0,4057,176.03106120670725,20,0.011000000000000003,0.005263157894736842
191,4071.0,4071,177.00209532230576,13,0.011000000000000003,0.005235602094240838
192,4094.0,4094,177.42616645134083,22,0.011000000000000003,0.005208333333333333
193,4149.0,4149,178.16306887627883,54,0.011000000000000003,0.0051813471502590676
194,4165.0,4165,179.20708764371963,15,0.011000000000000003,0.005154639175257732
195,4177.0,4177,180.8367503149732,11,0.011000000000000003,0.005128205128205128
196,4195.0,4195,181.32991238399762,17,0.011000000000000003,0.00510204081632653
197,4212.0,4212,182.07855322674965,16,0.011000000000000003,0.005076142131979695
198,4222.0,4222,182.81153369546888,9,0.011000000000000003,0.005050505050505051
199,4235.0,4235,183.77368284923838,12,0.011000000000000003,0.005025125628140704
200,4259.0,4259,185.44594741265914,23,0.011000000000000003,0.005
201,4274.0,4274,186.39875754575084,14,0.011000000000000003,0.004975124378109453
202,4308.0,4308,187.12139420062758,33,0.011000000000000003,0.0049504950495049506
203,4318.0,4318,188.0886965569683,9,0.011000000000000003,0.0049261083743842365
204,4332.0,4332,189.04388149152877,13,0.011000000000000003,0.004901960784313725
205,4345.0,4345,190.38590167198515,12,0.011000000000000003,0.004878048780487805
206,4373.0,4373,191.20465909762154,27,0.011000000000000003,0.0048543689320388345
207,4386.0,4386,191.69407743237826,12,0.011000000000000003,0.004830917874396135
208,4414.0,4414,192.40838929683633,27,0.011000000000000003,0.004807692307692308
209,4456.0,4456,193.25737489109483,41,0.011000000000000003,0.004784688995215311
210,4472.0,4472,193.90170670578414,15,0.011000000000000003,0.004761904761904762
211,4499.0,4499,195.05468831745125,26,0.011000000000000003,0.004739336492890996
212,4519.0,4519,196.438766457667,19,0.011000000000000003,0.0047169811320754715
213,4539.0,4539,197.30421580945395,19,0.011000000000000003,0.004694835680751174
214,4563.0,4563,197.67663916217393,23,0.011000000000000003,0.004672897196261682
215,4577.0,4577,198.28308675153394,13,0.011000000000000003,0.004651162790697674
216,4597.0,4597,198.7581771581157,19,0.011000000000000003,0.004629629629629629
217,4608.0,4608,199.99622218724323,10,0.011000000000000003,0.004608294930875576
218,4639.0,4639,200.42053994862894,30,0.011000000000000003,0.0045871559633027525
219,4666.0,4666,202.10592388785952,26,0.011000000000000003,0.0045662100456621
220,4681.0,4681,203.104277846542,14,0.011000000000000003,0.004545454545454545
221,4702.0,4702,203.5130223808062,20,0.011000000000000003,0.004524886877828055
222,4714.0,4714,203.91824118997442,11,0.011000000000000003,0.0045045045045045045
223,4732.0,4732,204.9751272681533,17,0.011000000000000003,0.004484304932735426
224,4757.0,4757,205.41176350353874,24,0.011000000000000003,0.004464285714285714
225,4790.0,4790,206.5112380310776,32,0.011000000000000003,0.0044444444444444444
226,4819.0,4819,207.78278774529048,28,0.011000000000000003,0.004424778761061947
227,4842.0,4842,209.07210771205797,22,0.011000000000000003,0.004405286343612335
228,4902.0,4902,209.46705390832958,59,0.011000000000000003,0.0043859649122807015
229,4915.0,4915,210.3237985445091,12,0.011000000000000003,0.004366812227074236
230,4928.0,4928,211.17568692254954,12,0.011000000000000003,0.004347826086956522
231,4941.0,4941,212.15597673614474,12,0.011000000000000003,0.004329004329004329
232,4981.0,4981,212.59330142122928,39,0.011000000000000003,0.004310344827586207
233,5000.0,5000,213.05153333182008,18,0.011000000000000003,0.004291845493562232
234,5028.0,5028,213.33388580643597,27,0.011000000000000003,0.004273504273504274
235,5068.0,5068,214.2498737302734,39,0.011000000000000003,0.00425531914893617
236,5111.0,5111,215.93816554553234,42,0.011000000000000003,0.00423728813559322
237,5138.0,5138,216.38155662958667,26,0.011000000000000003,0.004219409282700422
238,5149.0,5149,217.56905984769088,10,0.011000000000000003,0.004201680672268907
239,5164.0,5164,218.79539135288556,14,0.011000000000000003,0.0041841004184100415
240,5193.0,5193,218.9525741579805,28,0.011000000000000003,0.004166666666666667
241,5216.0,5216,219.9823173839719,22,0.011000000000000003,0.004149377593360996
242,5246.0,5246,220.73449498601514,29,0.011000000000000003,0.004132231404958678
243,5256.0,5256,221.15215755034825,9,0.011000000000000003,0.00411522633744856
244,5267.0,5267,222.40454457858004,10,0.011000000000000003,0.004098360655737705
245,5279.0,5279,223.15079445002684,11,0.011000000000000003,0.004081632653061225
246,5293.0,5293,223.8963947170581,13,0.011000000000000003,0.0040650406504065045
247,5314.0,5314,224.52710725779534,20,0.011000000000000003,0.004048582995951417
248,5359.0,5359,225.07304189599586,44,0.011000000000000003,0.004032258064516129
249,5372.0,5372,226.04975745943435,12,0.011000000000000003,0.004016064257028112
250,5389.0,5389,227.545907296885,16,0.011000000000000003,0.004
251,5411.0,5411,227.79606484636554,21,0.011000000000000003,0.00398406374501992
252,5424.0,5424,229.42643360783012,12,0.011000000000000003,0.003968253968253968
253,5455.0,5455,229.7289144213523,30,0.011000000000000003,0.003952569169960474
254,5472.0,5472,230.4023519168906,16,0.011000000000000003,0.003937007874015748
255,5513.0,5513,231.34944621004072,40,0.011000000000000003,0.00392156862745098
256,5528.0,5528,232.3891704066652,14,0.011000000000000003,0.00390625
257,5546.0,5546,233.01571139018682,17,0.011000000000000003,0.0038910505836575876
258,5578.0,5578,233.98872749824088,31,0.011000000000000003,0.003875968992248062
259,5592.0,5592,234.57366235778136,13,0.011000000000000003,0.003861003861003861
260,5611.0,5611,235.12345024786637,18,0.011000000000000003,0.0038461538461538464
261,5625.0,5625,235.9220297290842,13,0.011000000000000003,0.0038314176245210726
262,5651.0,5651,237.61127268388427,25,0.011000000000000003,0.003816793893129771
263,5683.0,5683,237.9596732697651,31,0.011000000000000003,0.0038022813688212928
264,5732.0,5732,238.58144604635234,48,0.011000000000000003,0.003787878787878788
265,5770.0,5770,238.68037555527903,37,0.011000000000000003,0.0037735849056603774
266,5794.0,5794,239.3560105408627,23,0.011000000000000003,0.0037593984962406013
267,5809.0,5809,240.7897197355582,14,0.011000000000000003,0.003745318352059925
268,5837.0,5837,242.07943947367747,27,0.011000000000000003,0.0037313432835820895
269,5849.0,5849,243.52614401697974,11,0.011000000000000003,0.0037174721189591076
270,5885.0,5885,244.88197327300088,35,0.011000000000000003,0.003703703703703704
271,5914.0,5914,246.00753344532853,28,0.011000000000000003,0.0036900369003690036
272,5924.0,5924,247.0541188743578,9,0.011000000000000003,0.003676470588235294
273,5945.0,5945,248.03630169014605,20,0.011000000000000003,0.003663003663003663
274,5955.0,5955,248.78170250856567,9,0.011000000000000003,0.0036496350364963502
275,5987.0,5987,249.850827074793,31,0.011000000000000003,0.0036363636363636364
276,6018.0,6018,250.369791628135,30,0.011000000000000003,0.0036231884057971015
277,6032.0,6032,251.32172158009817,13,0.011000000000000003,0.0036101083032490976
278,6048.0,6048,252.11947804038633,15,0.011000000000000003,0.0035971223021582736
279,6063.0,6063,252.5890102074111,14,0.011000000000000003,0.0035842293906810036
280,6086.0,6086,253.04068712155436,22,0.011000000000000003,0.0035714285714285713
281,6109.0,6109,253.9263174074946,22,0.011000000000000003,0.0035587188612099642
282,6127.0,6127,254.34713125310972,17,0.011000000000000003,0.0035460992907801418
283,6153.0,6153,254.47772707985038,25,0.011000000000000003,0.0035335689045936395
284,6175.0,6175,254.9843119789011,21,0.011000000000000003,0.0035211267605633804
285,6194.0,6194,255.3949195550072,18,0.011000000000000003,0.0035087719298245615
286,6207.0,6207,256.5574920824434,12,0.011000000000000003,0.0034965034965034965
287,6228.0,6228,257.83767952683286,20,0.011000000000000003,0.003484320557491289
288,6243.0,6243,258.80252600047334,14,0.011000000000000003,0.003472222222222222
289,6279.0,6279,259.46906320563954,35,0.011000000000000003,0.0034602076124567475
290,6300.0,6300,260.78148636183005,20,0.011000000000000003,0.0034482758620689655
291,6320.0,6320,261.22873616710143,19,0.011000000000000003,0.003436426116838488
292,6336.0,6336,262.4992645183121,15,0.011000000000000003,0.003424657534246575
293,6358.0,6358,262.7181499698733,21,0.011000000000000003,0.0034129692832764505
294,6368.0,6368,263.0561407614686,9,0.011000000000000003,0.003401360544217687
295,6398.0,6398,264.0467693211258,29,0.011000000000000003,0.003389830508474576
296,6411.0,6411,264.39313730449385,12,0.011000000000000003,0.0033783783783783786
297,6469.0,6469,265.3019837089562,57,0.011000000000000003,0.003367003367003367
298,6483.0,6483,266.0961304840156,13,0.011000000000000003,0.003355704697986577
299,6512.0,6512,267.2650770978927,28,0.011000000000000003,0.0033444816053511705
300,6521.0,6521,267.88511219163894,8,0.011000000000000003,0.0033333333333333335
301,6539.0,6539,269.26239376129814,17,0.011000000000000003,0.0033222591362126247
302,6577.0,6577,269.52948046175163,37,0.011000000000000003,0.0033112582781456954
303,6595.0,6595,270.36880168368396,17,0.011000000000000003,0.0033003300330033004
304,6609.0,6609,271.7750013406867,13,0.011000000000000003,0.003289473684210526
305,6624.0,6624,272.73039535914023,14,0.011000000000000003,0.003278688524590164
306,6645.0,6645,273.869131379116,20,0.011000000000000003,0.0032679738562091504
307,6666.0,6666,274.9880211901579,20,0.011000000000000003,0.003257328990228013
308,6718.0,6718,275.50994521573745,51,0.011000000000000003,0.003246753246753247
309,6728.0,6728,276.0592367629303,9,0.011000000000000003,0.003236245954692557
310,6747.0,6747,276.78032875939516,18,0.011000000000000003,0.0032258064516129032
311,6757.0,6757,277.33423402059583,9,0.011000000000000003,0.003215434083601286
312,6769.0,6769,279.0670794959324,11,0.011000000000000003,0.003205128205128205
313,6788.0,6788,279.54759187667236,18,0.011000000000000003,0.003194888178913738
314,6801.0,6801,280.2294503108771,12,0.011000000000000003,0.0031847133757961785
315,6819.0,6819,281.3862159540446,17,0.011000000000000003,0.0031746031746031746
316,6835.0,6835,282.68744283913276,15,0.011000000000000003,0.0031645569620253164
317,6885.0,6885,283.699727013513,49,0.011000000000000003,0.0031545741324921135
318,6907.0,6907,284.7757276861101,21,0.011000000000000003,0.0031446540880503146
319,6927.0,6927,285.79899704063035,19,0.011000000000000003,0.003134796238244514
320,6950.0,6950,286.230939531338,22,0.011000000000000003,0.003125
321,6959.0,6959,287.3274136642851,8,0.011000000000000003,0.003115264797507788
322,6992.0,6992,288.26374947282306,32,0.011000000000000003,0.003105590062111801
323,7016.0,7016,288.99215315571325,23,0.011000000000000003,0.0030959752321981426
324,7053.0,7053,290.1222514160702,36,0.011000000000000003,0.0030864197530864196
325,7100.0,7100,291.1651427254001,46,0.011000000000000003,0.003076923076923077
326,7124.0,7124,292.48952823333354,23,0.011000000000000003,0.003067484662576687
327,7138.0,7138,293.0461212622338,13,0.011000000000000003,0.0030581039755351682
328,7166.0,7166,294.3416119749786,27,0.011000000000000003,0.003048780487804878
329,7174.0,7174,295.02106562454344,7,0.011000000000000003,0.00303951367781155
330,7197.0,7197,295.24893170016435,22,0.011000000000000003,0.0030303030303030303
331,7224.0,7224,296.4152210368961,26,0.011000000000000003,0.0030211480362537764
332,7280.0,7280,297.8176604162166,55,0.011000000000000003,0.0030120481927710845
333,7305.0,7305,299.3063598890305,24,0.011000000000000003,0.003003003003003003
334,7345.0,7345,300.72457079038503,39,0.011000000000000003,0.0029940119760479044
335,7362.0,7362,301.52492909804613,16,0.011000000000000003,0.0029850746268656717
336,7377.0,7377,302.5159781373559,14,0.011000000000000003,0.002976190476190476
337,7399.0,7399,303.0431782359637,21,0.011000000000000003,0.002967359050445104
338,7409.0,7409,303.94347074271434,9,0.011000000000000003,0.0029585798816568047
339,7439.0,7439,304.8823976370088,29,0.011000000000000003,0.0029498525073746312
340,7478.0,7478,306.1612613405341,38,0.011000000000000003,0.0029411764705882353
341,7487.0,7487,306.97346875647116,8,0.011000000000000003,0.002932551319648094
342,7500.0,7500,308.4859254660774,12,0.011000000000000003,0.0029239766081871343
343,7524.0,7524,309.32632320546463,23,0.011000000000000003,0.0029154518950437317
344,7541.0,7541,310.3092710495972,16,0.011000000000000003,0.0029069767441860465
345,7553.0,7553,311.33227396726403,11,0.011000000000000003,0.002898550724637681
346,7564.0,7564,311.9652609411329,10,0.011000000000000003,0.002890173410404624
347,7576.0,7576,312.14197350024546,11,0.011000000000000003,0.002881844380403458
348,7589.0,7589,313.51605446634534,12,0.011000000000000003,0.0028735632183908046
349,7601.0,7601,314.8050285392629,11,0.011000000000000003,0.0028653295128939827
350,7620.0,7620,316.0775001414251,18,0.011000000000000003,0.002857142857142857
351,7643.0,7643,317.3630259054801,22,0.011000000000000003,0.002849002849002849
352,7659.0,7659,318.27492919473514,15,0.011000000000000003,0.002840909090909091
353,7670.0,7670,319.2901755761862,10,0.011000000000000003,0.0028328611898017
354,7689.0,7689,319.7581677997397,18,0.011000000000000003,0.002824858757062147
355,7749.0,7749,320.45690010753043,59,0.011000000000000003,0.0028169014084507044
356,7771.0,7771,320.709775504805,21,0.011000000000000003,0.0028089887640449437
357,7792.0,7792,322.0482708609335,20,0.011000000000000003,0.0028011204481792717
358,7822.0,7822,323.233379243071,29,0.011000000000000003,0.002793296089385475
359,7832.0,7832,323.9333911339782,9,0.011000000000000003,0.002785515320334262
360,7855.0,7855,324.65784088355497,22,0.011000000000000003,0.002777777777777778
361,7897.0,7897,325.69942963317135,41,0.011000000000000003,0.002770083102493075
362,7910.0,7910,326.55320261549207,12,0.011000000000000003,0.0027624309392265192
363,7925.0,7925,327.45141575557096,14,0.011000000000000003,0.0027548209366391185
364,7942.0,7942,328.1586348256256,16,0.011000000000000003,0.0027472527472527475
365,7963.0,7963,329.0646195738569,20,0.011000000000000003,0.0027397260273972603
366,7984.0,7984,329.25682348741714,20,0.011000000000000003,0.00273224043715847
367,8000.0,8000,330.1012081123112,15,0.011000000000000003,0.0027247956403269754
368,8020.0,8020,331.42487169709506,19,0.011000000000000003,0.002717391304347826
369,8031.0,8031,332.5106097233314,10,0.011000000000000003,0.0027100271002710027
370,8052.0,8052,333.90010280625637,20,0.011000000000000003,0.002702702702702703
371,8067.0,8067,335.0334932148976,14,0.011000000000000003,0.0026954177897574125
372,8086.0,8086,336.24185951646126,18,0.011000000000000003,0.002688172043010753
373,8130.0,8130,337.08639456591305,43,0.011000000000000003,0.002680965147453083
374,8163.0,8163,338.57580633937215,32,0.011000000000000003,0.00267379679144385
375,8184.0,8184,339.5465184150749,20,0.011000000000000003,0.0026666666666666666
376,8203.0,8203,340.95692638831946,18,0.011000000000000003,0.0026595744680851063
377,8255.0,8255,342.46255407340135,51,0.011000000000000003,0.002652519893899204
378,8298.0,8298,343.63685821031805,42,0.011000000000000003,0.0026455026455026454
379,8322.0,8322,344.9823512059822,23,0.011000000000000003,0.002638522427440633
380,8342.0,8342,346.14244343923536,19,0.011000000000000003,0.002631578947368421
381,8362.0,8362,347.25079604032317,19,0.011000000000000003,0.0026246719160104987
382,8377.0,8377,348.06172274211906,14,0.011000000000000003,0.002617801047120419
383,8405.0,8405,349.4419162352069,27,0.011000000000000003,0.0026109660574412533
384,8418.0,8418,350.08529473032445,12,0.011000000000000003,0.0026041666666666665
385,8429.0,8429,351.1696513940831,10,0.011000000000000003,0.0025974025974025974
386,8450.0,8450,351.95769462568603,20,0.011000000000000003,0.0025906735751295338
387,8467.0,8467,352.8512061841783,16,0.011000000000000003,0.002583979328165375
388,8503.0,8503,353.6745038239283,35,0.011000000000000003,0.002577319587628866
389,8532.0,8532,354.7492735132925,28,0.011000000000000003,0.002570694087403599
390,8543.0,8543,355.1213161375858,10,0.011000000000000003,0.002564102564102564
391,8556.0,8556,355.2720811240872,12,0.011000000000000003,0.0025575447570332483
392,8571.0,8571,355.7822566621924,14,0.011000000000000003,0.002551020408163265
393,8590.0,8590,356.83780453702235,18,0.011000000000000003,0.002544529262086514
394,8613.0,8613,357.7660535374667,22,0.011000000000000003,0.0025380710659898475
395,8652.0,8652,358.62775327860226,38,0.011000000000000003,0.002531645569620253
396,8710.0,8710,359.71538093385516,57,0.011000000000000003,0.0025252525252525255
397,8737.0,8737,360.2080394255044,26,0.011000000000000003,0.0025188916876574307
398,8757.0,8757,361.12736708492014,19,0.011000000000000003,0.002512562814070352
399,8774.0,8774,362.80501686959593,16,0.011000000000000003,0.002506265664160401
400,8791.0,8791,363.56817150022016,16,0.011000000000000003,0.0025
401,8822.0,8822,363.84691745611576,30,0.011000000000000003,0.0024937655860349127
402,8844.0,8844,364.64595160643285,21,0.011000000000000003,0.0024875621890547263
403,8867.0,8867,365.32900090767777,22,0.011000000000000003,0.0024813895781637717
404,8879.0,8879,367.0709798239936,11,0.011000000000000003,0.0024752475247524753
405,8891.0,8891,368.4423718564894,11,0.011000000000000003,0.0024691358024691358
406,8907.0,8907,369.72816371291174,15,0.011000000000000003,0.0024630541871921183
407,8926.0,8926,370.5576744502955,18,0.011000000000000003,0.002457002457002457
408,8941.0,8941,372.0094402689444,14,0.011000000000000003,0.0024509803921568627
409,8962.0,8962,372.79852601712537,20,0.011000000000000003,0.0024449877750611247
410,8978.0,8978,373.4777291294143,15,0.011000000000000003,0.0024390243902439024
411,8993.0,8993,374.8896479597331,14,0.011000000000000003,0.0024330900243309003
412,9006.0,9006,376.1465810298577,12,0.011000000000000003,0.0024271844660194173
413,9015.0,9015,377.1381879692771,8,0.011000000000000003,0.002421307506053269
414,9036.0,9036,378.91867072070994,20,0.011000000000000003,0.0024154589371980675
415,9052.0,9052,379.88373113487097,15,0.011000000000000003,0.0024096385542168677
416,9069.0,9069,381.25005428844406,16,0.011000000000000003,0.002403846153846154
417,9081.0,9081,382.2068943648735,11,0.011000000000000003,0.002398081534772182
418,9092.0,9092,383.1602826337369,10,0.011000000000000003,0.0023923444976076554
419,9116.0,9116,384.3714384885965,23,0.011000000000000003,0.002386634844868735
420,9131.0,9131,385.4113656344391,14,0.011000000000000003,0.002380952380952381
421,9208.0,9208,386.52110356076787,76,0.011000000000000003,0.0023752969121140144
422,9234.0,9234,387.1183178818802,25,0.011000000000000003,0.002369668246445498
423,9283.0,9283,387.94826532872685,48,0.011000000000000003,0.002364066193853428
424,9294.0,9294,389.09018237571854,10,0.011000000000000003,0.0023584905660377358
425,9317.0,9317,390.40045453630285,22,0.011000000000000003,0.002352941176470588
426,9334.0,9334,391.5828458828168,16,0.011000000000000003,0.002347417840375587
427,9380.0,9380,392.03048069968617,45,0.011000000000000003,0.00234192037470726
428,9394.0,9394,393.02394910037856,13,0.011000000000000003,0.002336448598130841
429,9421.0,9421,393.29922197035773,26,0.011000000000000003,0.002331002331002331
430,9431.0,9431,393.7969592912255,9,0.011000000000000003,0.002325581395348837
431,9445.0,9445,394.9315672363241,13,0.011000000000000003,0.002320185614849188
432,9464.0,9464,395.2155530726778,18,0.011000000000000003,0.0023148148148148147
433,9485.0,9485,396.91945997389405,20,0.011000000000000003,0.0023094688221709007
434,9496.0,9496,397.87685304694367,10,0.011000000000000003,0.002304147465437788
435,9548.0,9548,398.8289733112684,51,0.011000000000000003,0.0022988505747126436
436,9579.0,9579,400.4674428708021,30,0.011000000000000003,0.0022935779816513763
437,9604.0,9604,401.66961873368615,24,0.011000000000000003,0.002288329519450801
438,9625.0,9625,403.2152425291657,20,0.011000000000000003,0.00228310502283105
439,9655.0,9655,404.3597441273815,29,0.011000000000000003,0.002277904328018223
440,9666.0,9666,405.3986468289132,10,0.011000000000000003,0.0022727272727272726
441,9686.0,9686,406.2483969671132,19,0.011000000000000003,0.0022675736961451248
442,9715.0,9715,407.7804087105666,28,0.011000000000000003,0.0022624434389140274
443,9732.0,9732,408.2376067456192,16,0.011000000000000003,0.002257336343115124
444,9749.0,9749,408.390900712582,16,0.011000000000000003,0.0022522522522522522
445,9766.0,9766,410.18151308062056,16,0.011000000000000003,0.0022471910112359553
446,9785.0,9785,411.01488999429404,18,0.011000000000000003,0.002242152466367713
447,9804.0,9804,412.8210694396084,18,0.011000000000000003,0.0022371364653243847
448,9819.0,9819,412.9107195277015,14,0.011000000000000003,0.002232142857142857
449,9836.0,9836,413.5947350490687,16,0.011000000000000003,0.0022271714922048997
450,9855.0,9855,415.00621616138926,18,0.011000000000000003,0.0022222222222222222
451,9889.0,9889,416.559277882687,33,0.011000000000000003,0.0022172949002217295
452,9914.0,9914,417.1676274746335,24,0.011000000000000003,0.0022123893805309734
453,9929.0,9929,417.3864011566708,14,0.011000000000000003,0.002207505518763797
454,9943.0,9943,418.1583142705015,13,0.011000000000000003,0.0022026431718061676
455,9958.0,9958,419.15408848431144,14,0.011000000000000003,0.002197802197802198
456,9978.0,9978,419.9438592358865,19,0.011000000000000003,0.0021929824561403508
457,9990.0,9990,420.93910717575056,11,0.011000000000000003,0.002188183807439825
458,10001.0,10001,422.2038494059749,10,0.011000000000000003,0.002183406113537118
459,10011.0,10011,423.0354402645116,9,0.011000000000000003,0.002178649237472767
460,10027.0,10027,424.34007078036655,15,0.011000000000000003,0.002173913043478261
461,10044.0,10044,425.5592745363419,16,0.011000000000000003,0.0021691973969631237
462,10061.0,10061,426.589652306202,16,0.011000000000000003,0.0021645021645021645
463,10096.0,10096,426.9699623530394,34,0.011000000000000003,0.0021598272138228943
464,10111.0,10111,428.4198107014819,14,0.011000000000000003,0.0021551724137931034
465,10125.0,10125,429.79798343208233,13,0.011000000000000003,0.002150537634408602
466,10141.0,10141,431.14046940129464,15,0.011000000000000003,0.002145922746781116
467,10212.0,10212,432.07589078735685,70,0.011000000000000003,0.0021413276231263384
468,10239.0,10239,432.98010958519166,26,0.011000000000000003,0.002136752136752137
469,10259.0,10259,433.8232320161061,19,0.011000000000000003,0.0021321961620469083
470,10302.0,10302,435.0892481357762,42,0.011000000000000003,0.002127659574468085
471,10321.0,10321,435.5678725018352,18,0.011000000000000003,0.0021231422505307855
472,10344.0,10344,436.7438748698116,22,0.011000000000000003,0.00211864406779661
473,10355.0,10355,437.4972635589074,10,0.011000000000000003,0.0021141649048625794
474,10371.0,10371,438.6569472159561,15,0.011000000000000003,0.002109704641350211
475,10383.0,10383,439.81609092342705,11,0.011000000000000003,0.002105263157894737
476,10410.0,10410,441.18362580713415,26,0.011000000000000003,0.0021008403361344537
477,10438.0,10438,442.15500465409934,27,0.011000000000000003,0.0020964360587002098
478,10464.0,10464,442.4217374285433,25,0.011000000000000003,0.0020920502092050207
479,10487.0,10487,443.13026427262855,22,0.011000000000000003,0.0020876826722338203
480,10500.0,10500,443.3747239837082,12,0.011000000000000003,0.0020833333333333333
481,10523.0,10523,444.8866358051427,22,0.011000000000000003,0.002079002079002079
482,10570.0,10570,446.2799741700292,46,0.011000000000000003,0.002074688796680498
483,10590.0,10590,446.76229049227965,19,0.011000000000000003,0.002070393374741201
484,10622.0,10622,448.0960194640161,31,0.011000000000000003,0.002066115702479339
485,10638.0,10638,449.60446840320327,15,0.011000000000000003,0.002061855670103093
486,10665.0,10665,450.56454744203853,26,0.011000000000000003,0.00205761316872428
487,10678.0,10678,451.9155898698408,12,0.011000000000000003,0.002053388090349076
488,10692.0,10692,453.3518020397435,13,0.011000000000000003,0.0020491803278688526
489,10738.0,10738,454.7000809447145,45,0.011000000000000003,0.002044989775051125
490,10751.0,10751,456.11699531107814,12,0.011000000000000003,0.0020408163265306124
491,10766.0,10766,457.02408675191697,14,0.011000000000000003,0.002036659877800407
492,10784.0,10784,458.19745598218793,17,0.011000000000000003,0.0020325203252032522
493,10797.0,10797,459.54445903366843,12,0.011000000000000003,0.002028397565922921
494,10809.0,10809,460.7518933610363,11,0.011000000000000003,0.0020242914979757085
495,10819.0,10819,461.72185312253396,9,0.011000000000000003,0.00202020202020202
496,10839.0,10839,462.2799294993641,19,0.011000000000000003,0.0020161290322580645
497,10865.0,10865,463.9292748705636,25,0.011000000000000003,0.002012072434607646
498,10878.0,10878,464.94571457632003,12,0.011000000000000003,0.002008032128514056
499,10899.0,10899,465.90954212356405,20,0.011000000000000003,0.002004008016032064
500,10925.0,10925,466.86873958313566,25,0.011000000000000003,0.002
